{
  "Total" : {
    "transaction" : "Total",
    "sampleCount" : 50,
    "errorCount" : 0,
    "errorPct" : 0.0,
    "meanResTime" : 1056.0400000000002,
    "medianResTime" : 690.0,
    "minResTime" : 408.0,
    "maxResTime" : 3744.0,
    "pct1ResTime" : 3548.4,
    "pct2ResTime" : 3614.8,
    "pct3ResTime" : 3744.0,
    "throughput" : 0.8403785064793182,
    "receivedKBytesPerSec" : 0.7575388517488276,
    "sentKBytesPerSec" : 0.19039825537422056
  },
  "HTTP Request" : {
    "transaction" : "HTTP Request",
    "sampleCount" : 50,
    "errorCount" : 0,
    "errorPct" : 0.0,
    "meanResTime" : 1056.0400000000002,
    "medianResTime" : 690.0,
    "minResTime" : 408.0,
    "maxResTime" : 3744.0,
    "pct1ResTime" : 3548.4,
    "pct2ResTime" : 3614.8,
    "pct3ResTime" : 3744.0,
    "throughput" : 0.8403785064793182,
    "receivedKBytesPerSec" : 0.7575388517488276,
    "sentKBytesPerSec" : 0.19039825537422056
  }
}